unit,model,year,km,dealer_id,client
9649,2628 LWB,2025,3952,centurion,
9675,2628 LWB,2025,24702,centurion,
9676,2628 LWB,2025,19594,centurion,Montshe
9677,2628 LWB,2025,6562,centurion,Tb Lebello
9678,2628 LWB,2025,5578,centurion,Busani
9679,2628 LWB,2025,911,ermelo,Thor Drilling
9680,2628 K,2025,15280,empangeni,Zoma
9681,2628 K,2025,17481,empangeni,Zoma
9682,2628 K,2025,18211,empangeni,Zoma
9683,2628 K,2025,27955,empangeni,Zoma
9684,2628 K,2025,26923,empangeni,Zoma
9685,2628 K,2025,25935,empangeni,Zoma
9686,2628 K,2025,26591,empangeni,Zoma
9687,2628 K,2025,23880,empangeni,Zoma
9688,2628 K,2025,391,empangeni,Zoma
9689,2628 K,2025,1716,empangeni,Zoma
9690,2628 LWB,2025,30307,centurion,
9691,2628 LWB,2025,8723,ermelo,
9692,2628 LWB,2025,10320,ermelo,
9693,2628 LWB,2025,3201,wonderboom,
9694,2628 LWB,2025,6309,pmb,Pmb Equipment 
9695,2628 LWB,2025,3994,centurion,Phezulu
9696,2628 LWB,2025,6594,centurion,Ned Courier
9698,2628 LWB,2025,3777,brakpan,Rbt
9699,2628 LWB,2025,12188,wonderboom,
9700,1729 A 4x4,2025,561,centurion,
9701,1729 A 4x4,2025,943,pinetown,
9702,1729 A 4x4,2025,1021,botswana,Kleinhans Assoc
9704,1729 A 4x4,2025,10186,pmb,Kleinhans Assoc Pmb Equipment
9705,4035 B 8x4,2025,13316,pmb,High End Constr Pmb
9707,4035 B 8x4,2025,11946,pmb,High End Construct Pmb Equipment
9708,4035 B 8x4,2025,10238,pmb,High End Construct Pmb Equipment
9719,4035 B 8x4,2025,11245,pinetown,
9720,4035 B 8x4,2025,3066,pinetown,
9721,4035 B 8x4,2025,3174,namibia_windhoek,
9722,4035 B 8x4,2025,265121,namibia_windhoek,Namibia
9723,4035 B 8x4,2025,265121,namibia_windhoek,Namibia
9724,4035 B 8x4,2025,265121,namibia_windhoek,Namibia
9725,4035 B 8x4,2025,14898,pmb,Pmb Equipment
9726,4035 B 8x4,2025,15101,pmb,Zamisa Plant Hire Equipment
9727,4035 B 8x4,2025,8641,bloemfontein,
9728,4035 B 8x4,2025,413,pmb,Star Of Life Pmb Equipment
9729,4035 B 8x4,2025,14284,pmb,Pmb Equipment
9731,2628 K,2025,16427,wonderboom,
9732,2628 K,2020,13100,wonderboom,
9734,2628 K,2025,2456,centurion,
9735,2628 K,2025,30848,centurion,
9736,2628 K,2025,24589,centurion,Lesendi
9737,2628 K,2025,20896,pmb,Ld Lindani Pmb Equipment
9738,2628 K,2025,51981,pmb,Bheko  Trading Pmb Equipment
9739,2628 K,2025,43024,pmb,Bheko Trading Pmb Equipment
9741,2628 K,2025,29068,pmb,Magaduzela Pmb Equipment
9742,2628 K,2025,13787,pmb,Ndameni Tradieng Pmb Equipment
9743,2628 K,2025,15079,centurion,Ntuzuma
9745,2628 K,2025,10338,pmb,Pmb Equipment
9746,2628 K,2025,3505,namibia_swakopmund,Namibia
9747,2628 K,2025,2572,namibia_windhoek,Namibia
9748,2628 K,2025,15255,centurion,
9749,2628 K,2025,7120,centurion,
9750,2628 K,2025,13707,brakpan,Ntebeleni Logistics
9751,2628 K,2025,9467,empangeni,Maphuzang
9752,2628 K,2025,15409,centurion,Rrr Projects
9753,2628 K,2025,11809,empangeni,Newlyn
9754,2628 K,2025,7317,empangeni,Newlyn
9755,2628 K,2025,5466,empangeni,Newlyn
9756,2628 K,2025,9428,empangeni,Newlyn
9757,2628 K,2025,9971,empangeni,Newlyn
9758,2628 K,2025,25994,empangeni,Newlyn
9759,2628 K,2025,8974,empangeni,Newlyn
9760,2628 K,2025,543,empangeni,Newlyn
9761,2628 LWB,2025,8464,centurion,Sigba
9762,2628 LWB,2025,7258,centurion,Sigba
9763,2628 LWB,2025,740,ermelo,
9764,2628 LWB,2025,751,ermelo,
9765,2628 LWB,2025,707,ermelo,
9766,2628 LWB,2025,0,centurion,
9767,2628 LWB,2025,10301,middelburg,
9768,2628 LWB,2025,4475,middelburg,
9771,2628 LWB,2025,3622,george,
9772,2628 LWB,2025,22525,centurion,
9773,2628 LWB,2025,14818,middelburg,Mayivuthe
9774,2628 LWB,2025,34356,brackenfell,
9775,2628 LWB,2025,15010,centurion,
9776,2628 LWB,2025,40258,centurion,Somhlolo
9777,2628 LWB,2025,15335,centurion,Springfield Projects
9778,2628 LWB,2025,13309,brackenfell,
9779,2628 LWB,2025,16456,wonderboom,Tractor Giants
9781,2628 LWB,2025,11934,centurion,
9782,2628 LWB,2025,2059,centurion,
9784,2628 LWB,2025,10540,centurion,
9786,2628 LWB,2025,25518,ermelo,
9787,2628 LWB,2025,13089,centurion,
9788,2628 LWB,2025,12093,centurion,
9789,2628 LWB,2025,9545,middelburg,
9791,4035 B 8x4,2025,32067,middelburg,
9792,4035 B 8x4,2025,7457,middelburg,
9794,4035 B 8x4,2025,18670,middelburg,
9795,4035 B 8x4,2025,13947,centurion,Rustenburg Chrome
9797,4035 B 8x4,2025,12401,pinetown,
9798,4035 B 8x4,2025,22600,pinetown,
9801,4035 B 8x4,2025,19533,centurion,Umakho
9802,4035 B 8x4,2025,19259,centurion,Umakho
9803,4035 B 8x4,2025,12572,pinetown,
9804,4035 B 8x4,2025,7640,pinetown,
9805,4035 B 8x4,2025,31913,middelburg,Themo
9807,4035 B 8x4,2025,25271,namibia_swakopmund,
9808,4035 B 8x4,2025,12431,namibia_swakopmund,Namibia
9809,4035 B 8x4,2025,25273,namibia_windhoek,Namibie
9810,4035 B 8x4,2025,10339,namibia_windhoek,
9811,4035 B 8x4,2025,14157,namibia_windhoek,
9812,4035 B 8x4,2025,22623,namibia_windhoek,
9813,4035 B 8x4,2025,20720,kimberly,Femgrow Ame
9814,4035 B 8x4,2025,36,kimberly,Femgrow Ame
9815,4035 B 8x4,2025,141,namibia_windhoek,
9816,4035 B 8x4,2025,15434,namibia_windhoek,
9819,4035 B 8x4,2025,5478,ermelo,
9820,4035 B 8x4,2025,998,ermelo,
9821,2635 A 6x6,2025,52596,polokwane,
9822,2628 K,2025,3683,polokwane,
9823,2628 K,2025,5135,polokwane,
9824,2628 K,2025,15904,polokwane,
9825,2628 K,2025,16840,polokwane,
9826,2628 K,2025,24198,polokwane,
9827,2628 K,2025,8288,pinetown,
9828,2628 K,2025,4235,centurion,
9829,2628 K,2025,8861,centurion,
9830,2628 K,2025,7230,centurion,
9831,2628 K,2025,2881,centurion,Rrr Projects
9832,2628 K,2025,15519,ermelo,
9833,2628 K,2025,17050,ermelo,
9834,2628 K,2025,20878,wonderboom,
9835,2628 K,2025,27434,pinetown,
9836,2628 K,2025,5482,pinetown,
9837,2628 K,2025,14919,pinetown,
9838,2628 K,2025,5817,pinetown,
9839,2628 K,2025,6183,pinetown,
9840,2628 K,2025,5325,centurion,
9841,2628 LWB,2025,4596,namibia_windhoek,Namibie
9842,2628 LWB,2025,218,namibia_windhoek,Namibie
9843,2628 LWB,2025,220,namibia_windhoek,Namibie
9844,2628 LWB,2025,3586,namibia_windhoek,Namibie
9845,2628 LWB,2025,1405,zimbabwe_harare,
9846,2628 LWB,2025,555,zimbabwe_harare,
9848,2628 LWB,2025,4832,centurion,
9852,2628 LWB,2025,2455,centurion,
9853,2628 LWB,2025,10282,ermelo,
9854,2628 LWB,2025,231,pinetown,
9855,2628 LWB,2025,885,centurion,
9856,2628 LWB,2025,653,centurion,
9857,2628 LWB,2025,0,centurion,
9858,2628 LWB,2025,17480,centurion,
9859,2628 LWB,2025,6544,centurion,
9860,2628 LWB,2025,9627,centurion,
9862,2628 B,2025,1523,centurion,
9866,3335 LWB,2025,20880,centurion,
9867,3335 LWB,2025,30218,centurion,
9868,3335 LWB,2025,942,polokwane,
9869,3335 LWB,2025,136,brakpan,Drc
9870,3335 LWB,2025,14,polokwane,
9871,2635 A 6x6,2025,9805,ermelo,
9872,2642 S,2025,734,pmb,Pmb
9873,2642 S,2025,26605,ermelo,Geyer Bosbou
9874,2628 B,2025,1841,zimbabwe_harare,
9875,2642 S,2025,31278,ermelo,
9876,2635 A 6x6,2025,28343,centurion,
9878,2635 A 6x6,2025,936,ermelo,
9879,2635 A 6x6,2025,903,ermelo,
9880,2635 A 6x6,2025,1123,ermelo,Thor Drilling
9883,1729 A 4x4,2025,1670,pinetown,
9885,1729 A 4x4,2025,5128,klerksdorp,
9886,4035 B 8x4,2025,22244,centurion,
9887,4035 B 8x4,2025,13240,centurion,Local0224
9888,4035 B 8x4,2025,38476,centurion,
9889,4035 B 8x4,2025,27976,centurion,Local0270
9891,4035 B 8x4,2025,10925,centurion,Local0250
9892,4035 B 8x4,2025,6959,centurion,
9893,4035 B 8x4,2025,10156,centurion,
9894,4035 B 8x4,2025,27615,centurion,
9895,4035 B 8x4,2025,9954,centurion,
9896,4035 B 8x4,2025,20976,empangeni,
9897,4035 B 8x4,2025,10959,centurion,
9898,4035 B 8x4,2025,20106,empangeni,
9899,4035 B 8x4,2025,9697,bloemfontein,Dynarite
990,4035 B 8x4,2025,7678,bloemfontein,Dynerite
9901,4042 8x4,2025,21148,polokwane,
9902,4042 8x4,2025,12641,empangeni,Powerstar
9903,4042 8x4,2025,36086,polokwane,
9599,2628 K,2025,15930,centurion,
9960,2628 K,2025,852,brakpan,
9961,2628 K,2025,7761,brakpan,
9962,2628 K,2025,13046,brakpan,
9963,2628 K,2025,12979,brakpan,
9964,2628 K,2025,3437,polokwane,
9969,2628 K,2025,24515,ermelo,
9970,2628 K,2025,19232,swaziland_matsapha,
9971,2628 K,2025,12801,swaziland_matsapha,
9972,2628 K,2025,15901,pinetown,
9977,2628 B,2025,599,centurion,
9978,2628 B,2025,10008,ermelo,
9979,2628 LWB,2025,598,centurion,
9980,2628 LWB,2025,861,centurion,
9981,2628 LWB,2025,2150,middelburg,
9983,2628 LWB,2025,9576,middelburg,
9984,2628 LWB,2025,1472,centurion,
9985,2628 LWB,2025,780,brakpan,
9986,2628 LWB,2025,556,brakpan,
9987,2628 LWB,2025,1317,centurion,
9988,2628 LWB,2025,848,centurion,
9990,2628 LWB,2025,1053,polokwane,
9992,2628 LWB,2025,3487,wonderboom,
9993,2628 LWB,2025,0,centurion,
9994,4035 B 8x4,2025,1989,pinetown,
9995,4035 B 8x4,2025,3491,pinetown,
9997,4035 B 8x4,2025,1537,namibia_windhoek,
9999,4035 B 8x4,2020,1711,namibia_swakopmund,Namibia
10000,4035 B 8x4,2025,3186,namibia_windhoek,Namibia
10001,4035 B 8x4,2025,6954,namibia_windhoek,Namibia
10002,4035 B 8x4,2025,18135,brakpan,
10003,4035 B 8x4,2025,12341,middelburg,
10004,4042 8x4,2025,2174,bloemfontein,
10005,4042 8x4,2025,2974,bloemfontein,
10006,4042 8x4,2025,3627,brakpan,
10007,4042 8x4,2025,3655,brakpan,
10008,4042 8x4,2025,2360,brakpan,
10009,4042 8x4,2025,15290,brackenfell,
10014,2646 AMT,2025,2177,botswana,
10019,2628 K,2025,5192,wonderboom,
10020,2628 K,2025,4711,wonderboom,
10021,2628 K,2025,1914,centurion,
10022,2628 K,2025,1543,centurion,Local0068
10024,2628 K,2025,6306,centurion,
10025,2628 K,2025,1202,centurion,
10026,2628 K,2025,14888,centurion,Centrurion
10027,2628 K,2025,2114,centurion,
10029,2628 K,2025,12094,ermelo,
10030,2628 K,2025,16490,ermelo,
10031,2628 K,2025,13784,pmb,
10032,2628 K,2025,12674,pmb,
10033,2628 K,2025,254,pmb,
10034,2628 LWB,2025,13813,ermelo,
10035,2628 LWB,2025,7358,ermelo,
10036,2628 LWB,2025,2896,ermelo,
10038,2628 LWB,2025,2052,zimbabwe_harare,
10040,2628 LWB,2025,4798,centurion,
10041,2628 LWB,2025,5368,centurion,
10043,2628 LWB,2025,3345,centurion,
10044,2628 LWB,2025,3246,centurion,
10045,2628 LWB,2025,6495,centurion,
10048,2628 LWB,2025,4183,centurion,
10049,1729 A 4x4,2025,1901,brackenfell,
10050,1729 A 4x4,2025,3697,centurion,
10051,1729 A 4x4,2025,2838,centurion,
10052,1729 A 4x4,2025,12507,centurion,
10053,1729 A 4x4,2025,1358,bloemfontein,Local0317 Dynarite
10054,2635 A 6x6,2025,8087,pmb,Pmb
10055,2635 A 6x6,2025,1241,namibia_windhoek,Namibia
10056,2635 A 6x6,2025,10777,centurion,
10057,2635 A 6x6,2025,1068,centurion,
10058,2635 A 6x6,2025,951,centurion,
10059,4035 B 8x4,2025,5196,bloemfontein,
10060,4035 B 8x4,2025,2870,ermelo,
10061,4035 B 8x4,2025,1461,namibia_swakopmund,Namibie
10062,4035 B 8x4,2025,9023,namibia_swakopmund,Namibie
10063,4035 B 8x4,2025,1461,namibia_swakopmund,Namibia
10064,4035 B 8x4,2025,1449,namibia_swakopmund,
10065,4035 B 8x4,2025,17641,pinetown,
10066,4035 B 8x4,2025,6401,pinetown,
10069,4035 B 8x4,2025,27922,brackenfell,Local0308 Truck City Power Commercials
10070,4035 B 8x4,2025,2499,nelspruit,
10072,4035 B 8x4,2025,8149,empangeni,
10073,4035 B 8x4,2025,5639,empangeni,
10119,2628 K,2025,726,centurion,
10120,2628 K,2025,734,centurion,
10122,2628 K,2025,2450,namibia_windhoek,
10123,2628 K,2025,665,ermelo,
10124,2628 K,2025,623,ermelo,
10125,2628 K,2025,942,kimberly,Local0991
10126,2628 K,2025,745,centurion,
10127,2628 K,2025,507,ermelo,
10130,2628 K,2025,2473,namibia_windhoek,
10131,2628 K,2025,2873,namibia_swakopmund,
10132,2628 K,2025,194,centurion,
10133,2628 K,2025,709,centurion,
10137,2628 K,2025,6642,pinetown,
10138,2628 K,2025,8886,pinetown,
10139,2628 K,2025,10546,ermelo,
10140,2628 K,2025,14781,ermelo,
10141,2628 K,2025,12326,ermelo,
10142,2628 K,2025,12923,ermelo,
10143,2628 K,2025,20925,ermelo,
10144,2628 K,2025,182,pmb,Pmb
10145,2628 K,2025,249,pmb,Pmb
10146,2628 K,2025,18337,pmb,
10147,2628 K,2025,5492,pmb,Pmb
10148,2628 K,2025,5763,pmb,
10149,2628 K,2025,13063,pmb,Pmb
10150,2628 K,2025,5946,pmb,
10151,2628 K,2025,561,pmb,Pmb
10152,2628 K,2025,195,pmb,Pmb
10153,2628 K,2025,6147,namibia_swakopmund,
10155,2628 K,2025,7994,namibia_swakopmund,
10156,2628 K,2025,1559,namibia_swakopmund,Namibie
10157,2628 K,2025,30533,brakpan,
10158,2628 K,2025,3542,polokwane,
10159,2628 B,2025,3002,pmb,Pmb
10160,2628 B,2025,2980,centurion,
10163,2628 B,2025,9016,centurion,
10164,2628 LWB,2025,3486,middelburg,
10165,2628 LWB,2025,1312,middelburg,
10166,2628 LWB,2025,5383,brackenfell,
10167,2628 LWB,2025,15209,brackenfell,
10168,2628 LWB,2025,11376,centurion,
10169,2628 K,2025,14359,brackenfell,
10170,2628 LWB,2025,1884,centurion,
10171,2628 LWB,2025,7868,centurion,
10172,2628 LWB,2025,8466,centurion,
10173,2628 LWB,2025,186,centurion,
10174,3335 LWB,2025,4634,polokwane,Powerstar
10176,3335 LWB,2025,10054,centurion,
10177,3335 LWB,2025,11359,polokwane,
10178,3335 LWB,2025,2953,namibia_swakopmund,
10180,2635 A 6x6,2025,1105,centurion,
10181,2635 A 6x6,2025,649,centurion,
10182,2635 A 6x6,2025,997,upington,
10183,2635 A 6x6,2025,3463,namibia_swakopmund,
10184,4035 B 8x4,2025,18312,empangeni,
10185,4035 B 8x4,2025,13105,bloemfontein,
10186,4035 B 8x4,2025,19083,nelspruit,
10190,4035 B 8x4,2025,9423,empangeni,
10194,4042 8x4,2025,9415,polokwane,
10195,4042 8x4,2025,1013,centurion,
10197,4042 8x4,2025,14962,empangeni,
10199,4042 8x4,2025,21041,nelspruit,
10200,2642 S,2025,1895,zimbabwe_harare,
10203,2642 S,2025,14373,centurion,
10204,2642 S,2025,10281,centurion,
10206,2642 S,2025,26731,namibia_swakopmund,
10207,2642 S,2025,3618,nelspruit,
10208,2642 S,2025,1853,zimbabwe_harare,
10209,2628 K,2025,15727,pinetown,
10210,2628 K,2025,15834,pinetown,
10211,2628 K,2025,11035,pinetown,
10212,2628 K,2025,9484,pinetown,
10213,2628 K,2025,10185,pinetown,
10214,2628 K,2025,1890,centurion,
10215,2628 K,2025,2064,centurion,
10216,2628 K,2025,111,polokwane,
10217,2628 K,2025,2341,wonderboom,
10218,2628 K,2025,1043,polokwane,
10219,2628 K,2025,1567,polokwane,
10220,2628 K,2025,6432,centurion,
10221,2628 K,2025,4194,centurion,
10222,2628 K,2025,11316,centurion,
10223,2628 K,2025,24345,centurion,
10224,2628 K,2025,6049,centurion,
10225,2628 K,2025,2022,zimbabwe_harare,
10227,2628 K,2025,1447,namibia_swakopmund,Namibia
10228,2628 K,2025,1435,namibia_swakopmund,Namibia
10230,2628 B,2025,92,polokwane,
10231,2628 B,2025,3184,polokwane,
10233,2628 B,2025,2809,centurion,
10234,2628 K,2025,22340,polokwane,
10235,2628 K,2025,13715,polokwane,
10236,2628 K,2025,4845,centurion,
10237,2628 K,2025,784,brakpan,
10240,2628 K,2025,5285,brakpan,
10241,2628 K,2025,749,brakpan,
10242,2628 K,2025,774,brakpan,
10243,2628 K,2025,1498,namibia_windhoek,
10244,2628 K,2025,6737,empangeni,Zoma
10245,2628 K,2025,14198,empangeni,
10246,2628 K,2025,13756,empangeni,
10247,2628 K,2025,489,empangeni,
10248,2628 K,2025,96,empangeni,
10249,2628 K,2025,108,zimbabwe_harare,
10250,Powerstar,2025,166,ermelo,
10251,2628 K,2025,729,brakpan,
10252,2628 K,2025,11636,centurion,
10253,2628 K,2025,16287,centurion,
10254,2628 LWB,2025,169,zimbabwe_harare,
10255,2628 LWB,2025,851,namibia_swakopmund,Namibia Swakopmind
10256,2628 LWB,2025,2669,centurion,
10257,2628 LWB,2025,790,centurion,
10258,2628 LWB,2025,4093,centurion,
10259,2628 LWB,2025,1077,centurion,
10260,2628 LWB,2025,1681,empangeni,
10261,2628 LWB,2025,6027,empangeni,
10262,2628 LWB,2025,521,empangeni,
10263,2628 LWB,2025,1588,empangeni,
10264,2628 LWB,2025,543,empangeni,
10265,2628 LWB,2025,841,centurion,
10266,2628 LWB,2025,4125,centurion,
10275,2642 S,2025,29212,centurion,
10277,2642 S,2025,1971,zimbabwe_harare,
10278,2642 S,2025,19580,pinetown,
10279,1729 A 4x4,2025,14446,polokwane,
10280,1729 A 4x4,2025,2357,klerksdorp,
10281,1729 A 4x4,2025,2554,centurion,
10283,1729 A 4x4,2025,1862,centurion,
10289,4035 B 8x4,2025,18631,brakpan,
10290,4035 B 8x4,2025,19486,brakpan,
10292,4035 B 8x4,2025,1673,namibia_swakopmund,Namibia
10298,4042 8x4,2025,6733,brackenfell,
10299,2628 K,2025,8653,brackenfell,
10300,2628 K,2025,7032,brackenfell,
10301,2628 K,2025,6317,brackenfell,
10302,2628 K,2025,6681,brackenfell,
10303,2628 K,2025,6106,brackenfell,
10304,2628 K,2025,15369,centurion,
10305,2628 K,2025,9320,centurion,
10306,2628 K,2025,7831,centurion,
10307,2628 K,2025,3342,centurion,
10308,2628 K,2025,9179,centurion,
10309,2628 LWB,2025,5420,ermelo,
10310,2628 LWB,2025,3574,centurion,
10311,2628 LWB,2025,4229,centurion,
10312,2628 LWB,2025,4808,centurion,
10313,2628 LWB,2025,3145,centurion,
10314,2628 LWB,2025,3609,centurion,Centrurion
10315,2628 LWB,2025,6230,namibia_swakopmund,Namibia
10316,2628 LWB,2025,4097,namibia_swakopmund,Namibia
10317,2628 LWB,2025,4218,centurion,
10318,2628 LWB,2025,1167,centurion,
10319,2628 LWB,2025,218,namibia_swakopmund,Namibia
10321,2628 LWB,2025,13071,polokwane,
10322,2628 LWB,2025,2631,polokwane,
10323,2628 LWB,2025,770,brakpan,
10324,3335 LWB,2025,4350,centurion,
10325,3335 LWB,2025,4019,centurion,
10326,3335 LWB,2025,10269,bloemfontein,
10327,3335 LWB,2025,797,centurion,
10328,3335 LWB,2025,12380,ermelo,
10329,4035 B 8x4,2025,4773,centurion,
10330,4035 B 8x4,2025,26264,centurion,
10331,4035 B 8x4,2025,4928,namibia_swakopmund,Namibia
10332,4035 B 8x4,2025,9880,ermelo,
10333,4035 B 8x4,2025,4888,ermelo,
10334,4035 B 8x4,2025,2767,ermelo,
10335,4035 B 8x4,2025,6645,ermelo,
10336,4035 B 8x4,2025,6188,ermelo,
10337,4035 B 8x4,2025,11052,empangeni,
10338,4035 B 8x4,2025,10122,empangeni,
10339,4042 8x4,2025,4732,empangeni,
10340,4042 8x4,2025,8279,empangeni,
10341,4042 8x4,2025,7810,empangeni,
10342,4042 8x4,2025,6389,empangeni,
10343,4042 8x4,2025,22716,ermelo,
10346,1729 A 4x4,2025,611,ermelo,
10347,1729 A 4x4,2025,3362,centurion,
10348,1729 A 4x4,2025,3068,centurion,
10349,2635 A 6x6,2025,735,centurion,
10350,2635 A 6x6,2025,4456,kimberly,
10351,2635 A 6x6,2025,709,ermelo,
10352,2635 A 6x6,2025,19110,upington,
10353,2635 A 6x6,2025,3882,zimbabwe_harare,
10354,2642 S,2025,31293,centurion,
10355,2642 S,2025,29678,centurion,
10356,2642 S,2025,33441,centurion,
10357,2642 S,2025,13332,polokwane,
10358,2642 S,2025,18691,ermelo,
10359,2628 K,2025,7716,brackenfell,
10360,2628 K,2025,5282,brackenfell,
10361,2628 K,2025,4511,brackenfell,
10362,2628 K,2025,4817,brackenfell,
10363,2628 K,2025,15398,centurion,
10364,2628 K,2025,3425,centurion,
10365,2628 K,2025,16385,centurion,
10366,2628 K,2025,3294,centurion,
10367,2628 K,2025,3453,centurion,
10368,2628 K,2025,3556,polokwane,
10369,2628 K,2025,9313,centurion,
10270,2628 K,2025,4981,pinetown,
10371,2628 K,2025,7144,pinetown,
10372,2628 K,2025,1077,pinetown,
10374,2628 B,2025,3455,brackenfell,
10375,2628 B,2025,12201,brackenfell,
10378,2628 B,2025,3607,brackenfell,
10379,2628 LWB,2025,32,brakpan,
10380,2628 LWB,2025,3323,brakpan,
10381,2628 LWB,2025,1246,brakpan,
10382,2628 LWB,2025,3029,middelburg,
10383,2628 LWB,2025,9552,middelburg,
10385,2628 LWB,2025,3660,middelburg,
10386,2628 LWB,2025,6763,ermelo,
10388,2628 LWB,2025,2735,ermelo,
10389,2628 LWB,2025,3695,ermelo,
10390,2628 LWB,2025,925,brakpan,
10391,2628 LWB,2025,820,brakpan,
10393,2628 LWB,2025,793,ermelo,
10394,4042 8x4,2025,9078,empangeni,
10395,4042 8x4,2025,8765,empangeni,
10396,4042 8x4,2025,9120,empangeni,
10397,4042 8x4,2025,7971,pinetown,
10398,4042 8x4,2025,8716,pinetown,
10399,4035 B 8x4,2025,5261,centurion,
10406,4035 B 8x4,2025,11748,centurion,
10407,4035 B 8x4,2025,4703,centurion,
10408,4035 B 8x4,2025,3355,empangeni,
10409,2635 A 6x6,2025,511,ermelo,
10410,2635 A 6x6,2025,1371,ermelo,
10411,2635 A 6x6,2025,1068,ermelo,
10412,2635 A 6x6,2025,115,centurion,
10413,2635 A 6x6,2025,5052,namibia_windhoek,Namibia
10420,2628 K,2025,2333,brakpan,
10421,2628 K,2025,717,brakpan,
10422,2628 K,2025,719,brakpan,
10423,2628 K,2025,868,brakpan,
10424,2628 K,2025,751,brakpan,
10425,2628 K,2025,12550,centurion,
10427,2628 K,2025,2757,ermelo,
10428,2628 K,2025,7428,ermelo,
10432,2628 K,2025,1073,polokwane,
10433,2628 K,2025,12213,ermelo,
10434,2628 LWB,2025,8366,ermelo,
10435,2628 LWB,2025,7329,ermelo,
10436,2628 LWB,2025,950,centurion,
10438,2628 LWB,2025,849,centurion,
10439,2628 LWB,2025,856,centurion,
10440,2628 LWB,2025,782,centurion,
10441,2628 LWB,2025,805,centurion,
10442,2628 LWB,2025,850,centurion,
10443,2628 LWB,2025,3312,namibia_windhoek,
10446,2628 B,2025,3772,brackenfell,
10450,4042 8x4,2025,3172,centurion,
10451,4042 8x4,2025,2544,brackenfell,
10452,4042 8x4,2025,8151,ermelo,
10453,4042 8x4,2025,2301,ermelo,
10454,4035 B 8x4,2025,350,empangeni,
10455,4035 B 8x4,2025,332,empangeni,
10456,4035 B 8x4,2025,308,empangeni,
10457,4035 B 8x4,2025,308,empangeni,
10459,4035 B 8x4,2025,300,centurion,Local0783
10460,2635 A 6x6,2025,465,centurion,
10461,2635 A 6x6,2025,490,centurion,
10462,2635 A 6x6,2025,603,centurion,
10465,2635 A 6x6,2025,602,centurion,
10466,2635 A 6x6,2025,599,pinetown,
10467,2635 A 6x6,2025,1902,klerksdorp,
10469,1729 A 4x4,2025,3082,ermelo,
10470,1729 A 4x4,2025,995,botswana,
10471,1729 A 4x4,2025,524,pinetown,
10472,1729 A 4x4,2025,986,centurion,
1073,1729 A 4x4,2025,772,centurion,
10474,3335 LWB,2025,1162,bloemfontein,
10475,3335 LWB,2025,850,bloemfontein,
10476,3335 LWB,2025,9741,randburg,
10477,3335 LWB,2025,12418,randburg,
109118,3335 LWB,2025,1499,centurion,
10479,2628 K,2025,273,pinetown,
10480,2628 K,2025,1364,pinetown,
10481,2628 K,2025,377,pinetown,
10482,2628 K,2025,224,pinetown,
10483,2628 K,2025,228,pinetown,
10484,2628 K,2025,768,wonderboom,
10485,2628 K,2025,771,wonderboom,
10486,2628 K,2025,2061,centurion,
10487,2628 K,2025,6403,ermelo,
10488,2628 K,2025,962,middelburg,
10489,2628 K,2025,1600,centurion,
10491,2628 K,2025,1946,brackenfell,
10492,2628 K,2025,4870,brackenfell,
10493,2628 K,2025,1712,brackenfell,
10494,2628 LWB,2025,5154,namibia_windhoek,
10495,2628 LWB,2025,2580,middelburg,
10497,2628 LWB,2025,3742,pinetown,
10498,2628 LWB,2025,800,centurion,
10499,2628 LWB,2025,829,centurion,
10500,2628 LWB,2025,31,centurion,
10501,2628 LWB,2025,919,ermelo,
10503,2628 LWB,2025,789,centurion,
10504,2628 LWB,2025,751,centurion,
10505,2628 LWB,2025,959,ermelo,
10506,2628 LWB,2025,623,ermelo,
10509,4035 B 8x4,2025,315,empangeni,
10511,4035 B 8x4,2025,10089,middelburg,
10512,4035 B 8x4,2025,8013,middelburg,
10514,4035 B 8x4,2025,3825,pinetown,
10515,4035 B 8x4,2025,1148,pinetown,
10516,4035 B 8x4,2025,11566,centurion,
10517,4035 B 8x4,2025,18997,centurion,
10518,4035 B 8x4,2020,3276,centurion,
10519,4035 B 8x4,2025,3301,centurion,
10520,4035 B 8x4,2025,3200,centurion,
10521,4035 B 8x4,2025,3060,centurion,
10522,4035 B 8x4,2025,18612,centurion,
10523,4035 B 8x4,2025,3975,centurion,
10524,2635 A 6x6,2025,3028,polokwane,
10525,2635 A 6x6,2025,492,centurion,
10526,2635 A 6x6,2025,473,centurion,
10527,2635 A 6x6,2025,3785,kimberly,
10529,1729 A 4x4,2025,429,ermelo,
10530,1729 A 4x4,2025,452,ermelo,
10532,1729 A 4x4,2025,713,ermelo,Local0815
10533,1729 A 4x4,2025,1507,brackenfell,
10536,2642 S,2025,15304,centurion,
10537,2642 S,2025,16816,centurion,
10538,2642 S,2025,3212,zimbabwe_harare,
10539,2628 K,2025,1790,brackenfell,
10540,2628 K,2025,1771,brackenfell,
10541,2628 K,2025,1776,brackenfell,
10542,2628 K,2025,1748,brackenfell,
10543,2628 K,2025,1732,brackenfell,
10544,2628 K,2025,1737,brackenfell,
10545,2628 K,2025,434,centurion,
10547,2628 K,2025,3105,centurion,
10548,2628 K,2025,3885,centurion,
10549,2628 K,2025,815,centurion,
10550,2628 K,2025,2145,centurion,
10551,2628 K,2025,777,centurion,
10552,2628 K,2025,2265,pinetown,
10553,2628 K,2025,2721,polokwane,
10554,2628 LWB,2025,1540,centurion,
10555,2628 LWB,2025,843,centurion,
10560,2628 LWB,2025,821,wonderboom,Local0886
10561,2628 LWB,2025,1739,ermelo,
10562,2628 LWB,2025,765,centurion,Local0920
10563,2628 LWB,2025,688,centurion,
10564,4035 B 8x4,2025,2924,centurion,
10565,4035 B 8x4,2025,10625,centurion,
10568,4035 B 8x4,2025,2315,namibia_windhoek,
10571,4035 B 8x4,2025,839,ermelo,
10572,4035 B 8x4,2025,908,centurion,
10574,4035 B 8x4,2025,2461,ermelo,
10578,Powerstar,2025,963,centurion,
10579,4042 8x4,2025,556,empangeni,
10580,4042 8x4,2025,6287,empangeni,
10581,4042 8x4,2025,5175,empangeni,
10582,4042 8x4,2025,558,empangeni,
10583,4042 8x4,2025,169,brakpan,Rtb
10584,Powerstar,2025,2743,centurion,Nam
10585,2642 S,2025,2719,centurion,Nam
10586,2642 S,2025,2759,centurion,
10587,2642 S,2025,2216,centurion,
10588,2642 S,2025,4203,polokwane,
10589,2635 A 6x6,2025,845,mozambique_matola,
10590,2635 A 6x6,2025,1205,ermelo,Local0879
10595,2635 A 6x6,2025,649,ermelo,
102596,1729 A 4x4,2025,576,centurion,
10597,1729 A 4x4,2020,592,centurion,
10598,1729 A 4x4,2025,580,centurion,
10599,2628 K,2025,1694,brackenfell,
10600,2628 K,2025,1684,brackenfell,
10601,2628 K,2025,1681,brackenfell,
10602,2628 K,2025,1686,brackenfell,
10603,2628 K,2025,647,brackenfell,
10604,2628 K,2025,1685,brackenfell,
10605,2628 K,2025,800,centurion,
10606,2628 K,2025,1078,empangeni,
10607,2628 K,2025,1062,empangeni,
10608,2628 K,2025,1135,empangeni,
10609,2628 K,2025,1102,ermelo,
10610,2628 K,2025,1487,ermelo,
10611,2628 K,2020,1815,ermelo,
10612,2628 K,2025,2767,centurion,
10613,2628 K,2025,3024,centurion,Local0873
10614,2628 LWB,2025,1750,namibia_windhoek,
10618,2628 LWB,2025,609,centurion,
10619,2628 LWB,2025,773,centurion,
10620,2628 LWB,2025,632,centurion,
10622,2628 LWB,2025,1270,upington,
10624,4035 B 8x4,2025,844,ermelo,
10625,4035 B 8x4,2025,3021,pinetown,
10626,4035 B 8x4,2025,2397,pinetown,Tcd
10632,4035 B 8x4,2025,965,centurion,
10633,4035 B 8x4,2025,63,centurion,
10634,4035 B 8x4,2025,661,centurion,
10635,4035 B 8x4,2025,3291,centurion,
10636,4035 B 8x4,2025,396,pinetown,
10637,4035 B 8x4,2025,509,pinetown,
10638,4035 B 8x4,2025,944,pinetown,
10639,4042 8x4,2025,690,brakpan,
10640,4042 8x4,2025,764,ermelo,
10641,4042 8x4,2025,630,ermelo,
10642,4042 8x4,2025,691,brakpan,
10643,4042 8x4,2025,657,brakpan,
10648,2628 B,2025,726,ermelo,
10649,2642 S,2025,1602,polokwane,
10650,2642 S,2025,755,ermelo,
10651,2642 S,2025,495,ermelo,
10655,3335 LWB,2025,741,centurion,
10656,3335 LWB,2025,600,centurion,
10657,3335 LWB,2025,1325,upington,
10659,4035 B 8x4,2025,3153,centurion,
10660,4035 B 8x4,2025,919,centurion,
10670,4042 8x4,2025,690,brakpan,
10674,4042 8x4,2025,777,ermelo,
10675,4042 8x4,2025,701,namibia_windhoek,
12610676,4042 8x4,2025,755,ermelo,
10678,4042 8x4,2025,620,ermelo,
10683,2628 LWB,2025,627,centurion,
10684,2628 LWB,2025,623,centurion,
10685,2628 LWB,2025,635,centurion,
10686,2628 LWB,2025,587,centurion,
10687,2628 LWB,2025,621,centurion,
10695,2628 K,2025,1666,brackenfell,
10696,2628 K,2025,1487,upington,
10700,2628 K,2025,1382,upington,
10703,2628 K,2025,349,empangeni,
10704,2628 K,2025,95,empangeni,
10705,2628 K,2025,95,empangeni,
10706,2628 K,2025,99,empangeni,
10709,2628 LWB,2025,731,centurion,
10710,2628 LWB,2025,793,centurion,
10711,2628 LWB,2025,292,empangeni,
10712,2628 LWB,2025,137,empangeni,
10713,2628 LWB,2025,787,middelburg,
10714,2628 LWB,2025,786,middelburg,
10717,2628 LWB,2025,803,middelburg,
10718,2628 LWB,2025,782,middelburg,
10729,2642 S,2020,98,pinetown,
10730,2642 S,2025,654,centurion,
10731,2642 S,2025,639,centurion,
10732,2642 S,2025,899,centurion,
10733,2642 S,2025,731,centurion,
10734,1729 A 4x4,2025,534,centurion,
10735,1729 A 4x4,2025,537,centurion,
10736,1729 A 4x4,2025,532,centurion,
10738,1729 A 4x4,2025,546,ermelo,
10078,2646 AMT,2025,619,polokwane,
9906,1627,2025,2107,ermelo,Ehl Engineering
9780,2628 LWB,2025,7849,brackenfell,
9783,2628 LWB,2025,8946,brackenfell,
9907,1627,2025,747,centurion,Centrurion
10416,1627,2025,38,centurion,
9877,2635 A 6x6,2025,19368,botswana,
10426,2628 K,2025,3648,centurion,
9785,2628 LWB,2025,13735,brackenfell,
9908,1627,2025,1140,polokwane,
10154,2628 LWB,2025,9947,namibia_swakopmund,Namibia
10392,2628 LWB,2025,19196,brackenfell,Skip Truck And Traders Alberton
10437,2628 LWB,2025,1410,centurion,
10449,4042 8x4,2025,6287,empangeni,
9982,2628 LWB,2025,2938,brackenfell,
